eventid,eventname,eventdate,eventtime,tripid,locationid
1,Event_1,2026-11-16,10:00:00,79,467
2,Event_2,2026-08-26,16:00:00,111,159
3,Event_3,2026-12-22,11:00:00,155,297
4,Event_4,2026-10-24,12:00:00,141,127
5,Event_5,2026-04-24,9:00:00,282,104
6,Event_6,2026-07-01,19:00:00,67,491
7,Event_7,2026-10-31,10:00:00,200,235
8,Event_8,2026-07-14,14:00:00,135,292
9,Event_9,2026-11-27,13:00:00,230,17
10,Event_10,2026-07-21,20:00:00,70,145
11,Event_11,2026-09-23,9:00:00,319,89
12,Event_12,2026-03-28,14:00:00,82,29
13,Event_13,2026-11-30,17:00:00,129,407
14,Event_14,2026-04-26,12:00:00,38,172
15,Event_15,2026-02-20,16:00:00,197,263
16,Event_16,2026-10-08,10:00:00,124,372
17,Event_17,2026-02-27,11:00:00,56,170
18,Event_18,2026-10-16,10:00:00,447,111
19,Event_19,2026-07-31,13:00:00,205,126
20,Event_20,2026-08-09,13:00:00,48,169
21,Event_21,2026-06-13,17:00:00,153,53
22,Event_22,2026-06-14,13:00:00,190,323
23,Event_23,2026-09-26,9:00:00,62,39
24,Event_24,2026-05-18,16:00:00,22,395
25,Event_25,2026-03-30,17:00:00,423,186
26,Event_26,2026-03-13,20:00:00,229,133
27,Event_27,2026-11-23,13:00:00,487,305
28,Event_28,2026-03-11,15:00:00,75,219
29,Event_29,2026-04-10,11:00:00,336,256
30,Event_30,2026-09-11,16:00:00,74,287
31,Event_31,2026-05-14,13:00:00,376,422
32,Event_32,2026-05-28,9:00:00,143,233
33,Event_33,2026-09-19,18:00:00,466,374
34,Event_34,2026-12-20,9:00:00,324,248
35,Event_35,2026-11-03,13:00:00,386,283
36,Event_36,2026-05-05,12:00:00,33,75
37,Event_37,2026-06-07,9:00:00,229,279
38,Event_38,2026-06-02,13:00:00,314,378
39,Event_39,2026-03-26,16:00:00,269,265
40,Event_40,2026-09-10,15:00:00,270,6
41,Event_41,2026-05-31,8:00:00,494,211
42,Event_42,2026-02-12,17:00:00,324,101
43,Event_43,2026-01-12,19:00:00,354,27
44,Event_44,2026-09-06,13:00:00,474,38
45,Event_45,2026-06-20,15:00:00,5,323
46,Event_46,2026-06-18,16:00:00,372,447
47,Event_47,2026-05-02,10:00:00,287,310
48,Event_48,2026-08-09,17:00:00,147,472
49,Event_49,2026-03-28,10:00:00,26,105
50,Event_50,2026-04-11,20:00:00,373,202
51,Event_51,2026-07-30,10:00:00,162,184
52,Event_52,2026-04-27,13:00:00,60,219
53,Event_53,2026-05-12,10:00:00,153,315
54,Event_54,2026-06-25,13:00:00,6,249
55,Event_55,2026-05-12,17:00:00,95,478
56,Event_56,2026-11-06,20:00:00,199,231
57,Event_57,2026-10-04,20:00:00,277,400
58,Event_58,2026-11-24,12:00:00,84,308
59,Event_59,2026-03-28,15:00:00,203,390
60,Event_60,2026-04-15,15:00:00,340,128
61,Event_61,2026-04-30,13:00:00,192,27
62,Event_62,2026-01-05,8:00:00,415,181
63,Event_63,2026-04-05,15:00:00,326,201
64,Event_64,2026-07-25,11:00:00,194,31
65,Event_65,2026-08-02,19:00:00,376,124
66,Event_66,2026-12-26,14:00:00,118,408
67,Event_67,2026-02-04,12:00:00,8,7
68,Event_68,2026-04-07,18:00:00,105,169
69,Event_69,2026-01-03,18:00:00,99,2
70,Event_70,2026-06-10,8:00:00,494,176
71,Event_71,2026-04-01,13:00:00,73,271
72,Event_72,2026-05-27,12:00:00,356,336
73,Event_73,2026-01-27,19:00:00,220,320
74,Event_74,2026-04-11,14:00:00,343,146
75,Event_75,2026-09-30,17:00:00,392,447
76,Event_76,2026-03-20,10:00:00,116,341
77,Event_77,2026-02-14,19:00:00,178,281
78,Event_78,2026-09-10,19:00:00,327,294
79,Event_79,2026-12-19,19:00:00,89,229
80,Event_80,2026-08-15,20:00:00,246,105
81,Event_81,2026-11-19,13:00:00,387,336
82,Event_82,2026-07-06,11:00:00,86,173
83,Event_83,2026-08-07,9:00:00,240,176
84,Event_84,2026-01-24,10:00:00,451,340
85,Event_85,2026-12-16,16:00:00,172,2
86,Event_86,2026-12-12,18:00:00,1,363
87,Event_87,2026-03-08,8:00:00,71,112
88,Event_88,2026-02-26,15:00:00,328,177
89,Event_89,2026-10-26,19:00:00,468,56
90,Event_90,2026-01-17,18:00:00,198,345
91,Event_91,2026-07-18,13:00:00,8,119
92,Event_92,2026-11-22,20:00:00,385,335
93,Event_93,2026-05-01,9:00:00,205,235
94,Event_94,2026-11-20,20:00:00,249,201
95,Event_95,2026-01-01,8:00:00,349,89
96,Event_96,2026-12-31,15:00:00,396,330
97,Event_97,2026-12-24,12:00:00,37,414
98,Event_98,2026-12-20,14:00:00,29,328
99,Event_99,2026-04-01,15:00:00,301,419
100,Event_100,2026-01-17,16:00:00,236,480
101,Event_101,2026-09-18,19:00:00,31,1
102,Event_102,2026-08-14,13:00:00,86,63
103,Event_103,2026-02-22,9:00:00,15,48
104,Event_104,2026-01-19,16:00:00,306,229
105,Event_105,2026-01-07,16:00:00,449,344
106,Event_106,2026-05-21,10:00:00,164,22
107,Event_107,2026-11-11,9:00:00,130,469
108,Event_108,2026-03-11,18:00:00,285,495
109,Event_109,2026-10-03,19:00:00,103,203
110,Event_110,2026-08-01,13:00:00,33,367
111,Event_111,2026-08-16,14:00:00,421,244
112,Event_112,2026-07-12,20:00:00,55,316
113,Event_113,2026-01-13,18:00:00,283,162
114,Event_114,2026-06-08,12:00:00,173,468
115,Event_115,2026-08-29,8:00:00,88,400
116,Event_116,2026-01-31,17:00:00,141,383
117,Event_117,2026-11-18,20:00:00,387,358
118,Event_118,2026-02-26,13:00:00,370,77
119,Event_119,2026-07-29,18:00:00,16,181
120,Event_120,2026-05-26,8:00:00,156,270
121,Event_121,2026-04-06,16:00:00,287,212
122,Event_122,2026-10-26,10:00:00,251,406
123,Event_123,2026-11-12,13:00:00,484,199
124,Event_124,2026-04-17,20:00:00,138,238
125,Event_125,2026-03-10,17:00:00,474,369
126,Event_126,2026-08-28,20:00:00,255,410
127,Event_127,2026-03-09,11:00:00,307,19
128,Event_128,2026-08-25,17:00:00,437,305
129,Event_129,2026-05-15,11:00:00,353,299
130,Event_130,2026-07-26,11:00:00,367,92
131,Event_131,2026-05-28,18:00:00,80,192
132,Event_132,2026-02-20,15:00:00,394,67
133,Event_133,2026-05-18,8:00:00,285,287
134,Event_134,2026-04-24,17:00:00,292,425
135,Event_135,2026-06-02,15:00:00,202,339
136,Event_136,2026-08-21,20:00:00,33,334
137,Event_137,2026-04-02,13:00:00,479,491
138,Event_138,2026-07-29,19:00:00,9,494
139,Event_139,2026-10-12,16:00:00,201,112
140,Event_140,2026-04-21,12:00:00,65,214
141,Event_141,2026-11-02,15:00:00,341,255
142,Event_142,2026-07-14,19:00:00,155,92
143,Event_143,2026-07-27,12:00:00,492,112
144,Event_144,2026-03-28,17:00:00,297,198
145,Event_145,2026-11-20,18:00:00,457,11
146,Event_146,2026-08-29,17:00:00,483,327
147,Event_147,2026-05-17,17:00:00,63,258
148,Event_148,2026-12-26,8:00:00,432,193
149,Event_149,2026-05-15,18:00:00,134,459
150,Event_150,2026-02-07,16:00:00,463,155
151,Event_151,2026-02-20,18:00:00,353,314
152,Event_152,2026-04-06,17:00:00,2,46
153,Event_153,2026-08-18,11:00:00,182,307
154,Event_154,2026-07-19,13:00:00,142,382
155,Event_155,2026-10-14,11:00:00,4,376
156,Event_156,2026-04-28,13:00:00,147,432
157,Event_157,2026-04-25,8:00:00,17,182
158,Event_158,2026-08-02,18:00:00,468,122
159,Event_159,2026-01-28,14:00:00,302,109
160,Event_160,2026-09-01,17:00:00,271,485
161,Event_161,2026-03-18,20:00:00,331,121
162,Event_162,2026-10-28,19:00:00,116,70
163,Event_163,2026-09-28,19:00:00,423,254
164,Event_164,2026-12-13,18:00:00,487,72
165,Event_165,2026-05-06,13:00:00,77,211
166,Event_166,2026-06-20,12:00:00,378,90
167,Event_167,2026-11-11,13:00:00,336,495
168,Event_168,2026-03-24,10:00:00,295,30
169,Event_169,2026-04-13,17:00:00,34,439
170,Event_170,2026-11-21,19:00:00,90,466
171,Event_171,2026-04-30,18:00:00,460,373
172,Event_172,2026-09-21,13:00:00,65,195
173,Event_173,2026-05-25,19:00:00,254,52
174,Event_174,2026-01-19,13:00:00,11,259
175,Event_175,2026-11-26,11:00:00,29,231
176,Event_176,2026-12-03,8:00:00,332,55
177,Event_177,2026-02-19,12:00:00,121,429
178,Event_178,2026-04-08,8:00:00,215,438
179,Event_179,2026-05-08,10:00:00,364,35
180,Event_180,2026-08-25,20:00:00,126,371
181,Event_181,2026-06-09,14:00:00,382,135
182,Event_182,2026-03-01,12:00:00,395,23
183,Event_183,2026-05-02,14:00:00,495,94
184,Event_184,2026-06-20,11:00:00,324,279
185,Event_185,2026-12-12,19:00:00,443,61
186,Event_186,2026-08-10,18:00:00,101,70
187,Event_187,2026-03-18,16:00:00,353,64
188,Event_188,2026-01-24,17:00:00,431,201
189,Event_189,2026-03-20,15:00:00,213,51
190,Event_190,2026-04-25,16:00:00,476,226
191,Event_191,2026-09-19,19:00:00,327,50
192,Event_192,2026-10-03,18:00:00,350,15
193,Event_193,2026-08-10,15:00:00,47,39
194,Event_194,2026-02-05,12:00:00,24,40
195,Event_195,2026-01-13,20:00:00,425,402
196,Event_196,2026-08-14,15:00:00,381,301
197,Event_197,2026-07-06,19:00:00,116,378
198,Event_198,2026-09-04,8:00:00,251,4
199,Event_199,2026-09-26,20:00:00,198,48
200,Event_200,2026-11-13,8:00:00,466,184
201,Event_201,2026-04-19,18:00:00,430,396
202,Event_202,2026-09-06,11:00:00,51,276
203,Event_203,2026-07-02,18:00:00,138,303
204,Event_204,2026-12-07,18:00:00,406,156
205,Event_205,2026-09-03,10:00:00,118,207
206,Event_206,2026-09-06,11:00:00,39,490
207,Event_207,2026-11-23,18:00:00,49,43
208,Event_208,2026-01-03,18:00:00,152,241
209,Event_209,2026-10-27,17:00:00,181,30
210,Event_210,2026-10-04,15:00:00,316,70
211,Event_211,2026-09-05,13:00:00,134,424
212,Event_212,2026-02-09,19:00:00,414,196
213,Event_213,2026-04-30,20:00:00,422,388
214,Event_214,2026-11-01,9:00:00,73,199
215,Event_215,2026-05-30,15:00:00,488,59
216,Event_216,2026-01-01,11:00:00,312,1
217,Event_217,2026-01-29,20:00:00,32,28
218,Event_218,2026-11-08,10:00:00,173,49
219,Event_219,2026-08-09,12:00:00,159,252
220,Event_220,2026-11-04,8:00:00,415,287
221,Event_221,2026-02-08,9:00:00,163,131
222,Event_222,2026-07-25,19:00:00,324,253
223,Event_223,2026-04-22,18:00:00,346,295
224,Event_224,2026-01-09,19:00:00,154,131
225,Event_225,2026-12-15,15:00:00,40,364
226,Event_226,2026-03-09,10:00:00,224,40
227,Event_227,2026-02-09,14:00:00,316,195
228,Event_228,2026-04-03,8:00:00,136,432
229,Event_229,2026-09-26,12:00:00,30,435
230,Event_230,2026-07-07,13:00:00,192,256
231,Event_231,2026-03-22,19:00:00,183,480
232,Event_232,2026-01-19,10:00:00,16,41
233,Event_233,2026-08-26,17:00:00,137,360
234,Event_234,2026-09-02,14:00:00,444,496
235,Event_235,2026-09-13,20:00:00,90,153
236,Event_236,2026-07-20,13:00:00,303,187
237,Event_237,2026-10-24,20:00:00,379,203
238,Event_238,2026-07-12,15:00:00,220,73
239,Event_239,2026-12-09,18:00:00,246,194
240,Event_240,2026-04-03,19:00:00,150,353
241,Event_241,2026-02-20,16:00:00,388,69
242,Event_242,2026-07-19,10:00:00,500,438
243,Event_243,2026-07-16,17:00:00,17,104
244,Event_244,2026-05-21,8:00:00,136,355
245,Event_245,2026-08-29,13:00:00,368,50
246,Event_246,2026-02-10,13:00:00,15,173
247,Event_247,2026-05-30,10:00:00,371,459
248,Event_248,2026-01-30,16:00:00,278,361
249,Event_249,2026-10-23,19:00:00,372,388
250,Event_250,2026-02-15,20:00:00,429,230
251,Event_251,2026-11-22,17:00:00,345,218
252,Event_252,2026-06-19,10:00:00,85,264
253,Event_253,2026-08-06,12:00:00,109,200
254,Event_254,2026-06-07,17:00:00,108,243
255,Event_255,2026-06-16,11:00:00,260,180
256,Event_256,2026-01-05,15:00:00,23,341
257,Event_257,2026-06-02,16:00:00,409,324
258,Event_258,2026-07-21,18:00:00,105,224
259,Event_259,2026-08-02,13:00:00,92,228
260,Event_260,2026-08-23,12:00:00,316,494
261,Event_261,2026-06-03,16:00:00,168,167
262,Event_262,2026-06-18,20:00:00,426,57
263,Event_263,2026-11-18,14:00:00,106,297
264,Event_264,2026-02-05,11:00:00,288,101
265,Event_265,2026-10-06,16:00:00,36,44
266,Event_266,2026-11-27,11:00:00,82,165
267,Event_267,2026-02-09,13:00:00,14,444
268,Event_268,2026-07-03,15:00:00,419,48
269,Event_269,2026-08-25,13:00:00,45,255
270,Event_270,2026-04-02,14:00:00,410,304
271,Event_271,2026-05-07,9:00:00,415,80
272,Event_272,2026-03-28,19:00:00,64,499
273,Event_273,2026-11-27,14:00:00,436,24
274,Event_274,2026-01-23,11:00:00,223,44
275,Event_275,2026-10-04,9:00:00,427,499
276,Event_276,2026-03-09,11:00:00,407,326
277,Event_277,2026-08-22,9:00:00,74,77
278,Event_278,2026-12-16,16:00:00,229,425
279,Event_279,2026-11-11,19:00:00,270,13
280,Event_280,2026-09-27,16:00:00,481,291
281,Event_281,2026-04-29,12:00:00,450,198
282,Event_282,2026-06-27,19:00:00,401,130
283,Event_283,2026-10-08,14:00:00,88,257
284,Event_284,2026-03-28,20:00:00,257,36
285,Event_285,2026-03-08,8:00:00,363,261
286,Event_286,2026-02-21,11:00:00,255,353
287,Event_287,2026-09-10,16:00:00,270,133
288,Event_288,2026-08-21,9:00:00,267,323
289,Event_289,2026-01-16,18:00:00,169,381
290,Event_290,2026-07-22,17:00:00,93,24
291,Event_291,2026-10-17,14:00:00,450,269
292,Event_292,2026-05-10,11:00:00,145,469
293,Event_293,2026-04-12,10:00:00,176,318
294,Event_294,2026-09-24,14:00:00,195,256
295,Event_295,2026-02-25,17:00:00,306,272
296,Event_296,2026-11-27,20:00:00,157,162
297,Event_297,2026-01-06,18:00:00,460,460
298,Event_298,2026-02-18,18:00:00,217,165
299,Event_299,2026-12-04,14:00:00,235,377
300,Event_300,2026-11-21,20:00:00,31,143
301,Event_301,2026-11-13,18:00:00,110,134
302,Event_302,2026-02-05,20:00:00,338,372
303,Event_303,2026-03-13,8:00:00,120,9
304,Event_304,2026-10-08,14:00:00,244,132
305,Event_305,2026-10-26,8:00:00,381,460
306,Event_306,2026-01-26,8:00:00,99,50
307,Event_307,2026-12-27,8:00:00,382,2
308,Event_308,2026-04-05,10:00:00,226,101
309,Event_309,2026-04-13,15:00:00,386,127
310,Event_310,2026-03-16,16:00:00,367,276
311,Event_311,2026-03-07,16:00:00,239,228
312,Event_312,2026-09-18,11:00:00,206,472
313,Event_313,2026-12-13,19:00:00,7,62
314,Event_314,2026-08-17,12:00:00,358,396
315,Event_315,2026-06-13,13:00:00,400,182
316,Event_316,2026-08-17,17:00:00,447,442
317,Event_317,2026-02-26,16:00:00,185,399
318,Event_318,2026-07-20,9:00:00,468,102
319,Event_319,2026-12-06,10:00:00,155,15
320,Event_320,2026-01-12,19:00:00,308,72
321,Event_321,2026-04-29,15:00:00,496,121
322,Event_322,2026-01-17,10:00:00,324,308
323,Event_323,2026-09-29,19:00:00,161,78
324,Event_324,2026-10-20,15:00:00,189,325
325,Event_325,2026-09-08,19:00:00,329,98
326,Event_326,2026-11-26,16:00:00,466,165
327,Event_327,2026-04-30,17:00:00,92,396
328,Event_328,2026-09-29,8:00:00,20,482
329,Event_329,2026-09-17,12:00:00,110,81
330,Event_330,2026-01-18,20:00:00,469,419
331,Event_331,2026-02-02,12:00:00,329,161
332,Event_332,2026-07-18,17:00:00,244,203
333,Event_333,2026-03-01,11:00:00,296,306
334,Event_334,2026-02-06,11:00:00,287,424
335,Event_335,2026-01-07,12:00:00,118,205
336,Event_336,2026-09-29,11:00:00,333,88
337,Event_337,2026-05-12,10:00:00,78,402
338,Event_338,2026-11-02,15:00:00,299,227
339,Event_339,2026-12-19,14:00:00,278,325
340,Event_340,2026-08-07,8:00:00,462,303
341,Event_341,2026-07-23,8:00:00,341,36
342,Event_342,2026-07-22,8:00:00,471,1
343,Event_343,2026-05-04,20:00:00,483,375
344,Event_344,2026-04-23,13:00:00,436,26
345,Event_345,2026-11-16,10:00:00,460,208
346,Event_346,2026-12-06,10:00:00,90,264
347,Event_347,2026-08-07,13:00:00,399,30
348,Event_348,2026-06-07,13:00:00,26,151
349,Event_349,2026-09-28,16:00:00,93,194
350,Event_350,2026-03-08,13:00:00,400,34
351,Event_351,2026-07-26,16:00:00,273,204
352,Event_352,2026-08-14,11:00:00,162,496
353,Event_353,2026-12-27,20:00:00,371,286
354,Event_354,2026-05-10,11:00:00,221,95
355,Event_355,2026-01-04,18:00:00,240,89
356,Event_356,2026-02-27,11:00:00,406,122
357,Event_357,2026-10-05,9:00:00,153,141
358,Event_358,2026-08-19,16:00:00,258,121
359,Event_359,2026-09-11,11:00:00,160,447
360,Event_360,2026-04-25,14:00:00,19,474
361,Event_361,2026-07-30,8:00:00,317,44
362,Event_362,2026-06-06,15:00:00,318,78
363,Event_363,2026-11-30,20:00:00,8,155
364,Event_364,2026-12-13,8:00:00,156,489
365,Event_365,2026-04-21,18:00:00,217,126
366,Event_366,2026-09-26,8:00:00,7,356
367,Event_367,2026-11-04,14:00:00,322,238
368,Event_368,2026-07-06,14:00:00,443,324
369,Event_369,2026-07-01,13:00:00,458,455
370,Event_370,2026-03-09,11:00:00,323,149
371,Event_371,2026-07-07,15:00:00,468,143
372,Event_372,2026-05-10,10:00:00,49,198
373,Event_373,2026-02-26,17:00:00,368,48
374,Event_374,2026-01-18,16:00:00,146,486
375,Event_375,2026-11-27,17:00:00,30,494
376,Event_376,2026-09-17,15:00:00,283,408
377,Event_377,2026-03-31,16:00:00,26,414
378,Event_378,2026-07-31,9:00:00,367,333
379,Event_379,2026-05-06,18:00:00,224,252
380,Event_380,2026-11-05,18:00:00,496,199
381,Event_381,2026-05-20,18:00:00,336,91
382,Event_382,2026-05-06,14:00:00,468,241
383,Event_383,2026-02-22,17:00:00,138,96
384,Event_384,2026-04-27,12:00:00,272,41
385,Event_385,2026-09-02,18:00:00,498,340
386,Event_386,2026-03-22,9:00:00,297,473
387,Event_387,2026-04-21,11:00:00,102,61
388,Event_388,2026-07-01,17:00:00,296,82
389,Event_389,2026-05-10,11:00:00,298,24
390,Event_390,2026-01-11,18:00:00,135,176
391,Event_391,2026-12-20,19:00:00,241,33
392,Event_392,2026-06-22,20:00:00,444,192
393,Event_393,2026-10-06,19:00:00,109,208
394,Event_394,2026-10-21,15:00:00,383,310
395,Event_395,2026-08-22,14:00:00,471,43
396,Event_396,2026-05-26,17:00:00,422,325
397,Event_397,2026-07-26,19:00:00,172,84
398,Event_398,2026-12-19,8:00:00,158,431
399,Event_399,2026-01-28,18:00:00,113,330
400,Event_400,2026-06-26,9:00:00,255,382
401,Event_401,2026-01-08,14:00:00,362,450
402,Event_402,2026-02-08,9:00:00,303,323
403,Event_403,2026-02-19,13:00:00,416,279
404,Event_404,2026-06-12,10:00:00,73,44
405,Event_405,2026-05-21,20:00:00,361,52
406,Event_406,2026-09-22,16:00:00,189,397
407,Event_407,2026-01-23,13:00:00,466,382
408,Event_408,2026-02-01,15:00:00,350,438
409,Event_409,2026-07-04,19:00:00,326,348
410,Event_410,2026-10-07,10:00:00,305,457
411,Event_411,2026-12-31,20:00:00,72,149
412,Event_412,2026-01-17,8:00:00,345,238
413,Event_413,2026-02-01,17:00:00,386,257
414,Event_414,2026-11-21,14:00:00,268,65
415,Event_415,2026-05-01,10:00:00,132,43
416,Event_416,2026-04-29,9:00:00,467,61
417,Event_417,2026-07-30,17:00:00,167,214
418,Event_418,2026-05-15,13:00:00,233,449
419,Event_419,2026-01-31,17:00:00,329,136
420,Event_420,2026-09-11,16:00:00,305,324
421,Event_421,2026-09-09,11:00:00,5,355
422,Event_422,2026-08-17,17:00:00,248,165
423,Event_423,2026-08-04,20:00:00,16,228
424,Event_424,2026-01-28,19:00:00,6,378
425,Event_425,2026-12-18,17:00:00,285,103
426,Event_426,2026-07-29,8:00:00,400,485
427,Event_427,2026-10-02,8:00:00,169,191
428,Event_428,2026-07-24,18:00:00,97,419
429,Event_429,2026-08-03,12:00:00,158,88
430,Event_430,2026-10-24,18:00:00,38,264
431,Event_431,2026-11-17,15:00:00,436,425
432,Event_432,2026-12-18,20:00:00,372,79
433,Event_433,2026-06-21,13:00:00,297,232
434,Event_434,2026-02-04,15:00:00,348,309
435,Event_435,2026-11-27,19:00:00,57,246
436,Event_436,2026-08-11,20:00:00,302,190
437,Event_437,2026-01-14,17:00:00,343,488
438,Event_438,2026-05-02,13:00:00,423,207
439,Event_439,2026-08-15,12:00:00,295,149
440,Event_440,2026-11-11,8:00:00,220,51
441,Event_441,2026-12-10,12:00:00,298,102
442,Event_442,2026-09-26,20:00:00,275,206
443,Event_443,2026-08-11,11:00:00,218,204
444,Event_444,2026-06-20,10:00:00,386,462
445,Event_445,2026-08-06,11:00:00,28,96
446,Event_446,2026-05-11,9:00:00,11,430
447,Event_447,2026-01-21,15:00:00,413,471
448,Event_448,2026-05-15,9:00:00,490,72
449,Event_449,2026-01-07,11:00:00,313,302
450,Event_450,2026-03-12,14:00:00,423,308
451,Event_451,2026-01-19,9:00:00,404,52
452,Event_452,2026-11-25,9:00:00,321,446
453,Event_453,2026-10-05,13:00:00,174,410
454,Event_454,2026-02-23,11:00:00,19,33
455,Event_455,2026-11-28,10:00:00,206,191
456,Event_456,2026-08-03,16:00:00,385,286
457,Event_457,2026-07-30,13:00:00,228,68
458,Event_458,2026-03-16,14:00:00,406,431
459,Event_459,2026-03-27,16:00:00,90,4
460,Event_460,2026-04-05,20:00:00,488,498
461,Event_461,2026-08-19,16:00:00,316,86
462,Event_462,2026-09-11,9:00:00,75,421
463,Event_463,2026-12-24,12:00:00,398,6
464,Event_464,2026-04-15,20:00:00,95,216
465,Event_465,2026-06-06,17:00:00,23,222
466,Event_466,2026-08-25,17:00:00,341,19
467,Event_467,2026-10-04,9:00:00,374,471
468,Event_468,2026-09-03,19:00:00,70,337
469,Event_469,2026-03-09,12:00:00,326,321
470,Event_470,2026-05-25,12:00:00,208,294
471,Event_471,2026-05-06,13:00:00,427,410
472,Event_472,2026-04-03,18:00:00,189,482
473,Event_473,2026-08-27,18:00:00,456,65
474,Event_474,2026-05-26,20:00:00,16,382
475,Event_475,2026-07-06,19:00:00,481,110
476,Event_476,2026-04-10,12:00:00,228,417
477,Event_477,2026-08-19,8:00:00,362,262
478,Event_478,2026-02-21,12:00:00,406,325
479,Event_479,2026-11-27,18:00:00,146,342
480,Event_480,2026-01-05,17:00:00,190,234
481,Event_481,2026-12-08,16:00:00,342,155
482,Event_482,2026-11-17,18:00:00,333,171
483,Event_483,2026-08-06,9:00:00,174,301
484,Event_484,2026-03-08,8:00:00,378,432
485,Event_485,2026-04-13,13:00:00,53,399
486,Event_486,2026-07-20,10:00:00,152,444
487,Event_487,2026-06-27,16:00:00,263,168
488,Event_488,2026-08-18,14:00:00,257,337
489,Event_489,2026-03-06,19:00:00,426,312
490,Event_490,2026-02-14,15:00:00,457,355
491,Event_491,2026-08-03,15:00:00,70,199
492,Event_492,2026-08-07,11:00:00,291,199
493,Event_493,2026-11-29,11:00:00,415,98
494,Event_494,2026-07-22,12:00:00,279,406
495,Event_495,2026-07-12,15:00:00,155,423
496,Event_496,2026-01-02,13:00:00,300,454
497,Event_497,2026-10-26,12:00:00,401,480
498,Event_498,2026-03-12,13:00:00,123,228
499,Event_499,2026-12-30,20:00:00,185,137
500,Event_500,2026-02-24,18:00:00,88,152
